image_path,product_name
amazon_images\1318.jpg,Sony MDR-XB55AP Premium in-Ear Extra Bass Wired Headphones with Mic (Black)
amazon_images\9504.jpg,"Cosmic Byte Stardust Headset with Flexible Mic for PS4, Xbox One, Laptop, PC, iPhone and Android Phones (Black)"
amazon_images\7222.jpg,realme Pad WiFi+4G Tablet | 3GB RAM 32GB ROM (Expandable) | 26.4cm (10.4 inch) WUXGA+ Display | 7100 mAh Battery | Dolby A...
amazon_images\5391.jpg,"Fire-Boltt Ring Bluetooth Calling Smartwatch with SpO2 & 1.7” Metal Body with Blood Oxygen Monitoring, Continuous Heart Ra..."
amazon_images\9166.jpg,"XIRON 2 Pack Paperfeel Screen Protector for iPad Pro 11 inches/iPad Air 5th /iPad Air 4th Generation (2022/2020, 10.9 inch..."
amazon_images\8940.jpg,MOKOBARA The Transit Backpack Laptop Bag for Men and Women
amazon_images\3708.jpg,"DIGITEK® (LP E12) Lithium-ion Rechargeable Battery Pack for DSLR Camera, Compatibility - EOS M Series, 100D, Kiss M, Kiss ..."
amazon_images\3573.jpg,"SEMINES Tabletop Laptop Stand 7 Height Adjustable, Aluminium, Ventilated, Foldable, Portable Laptop Holder for Desk & Tabl..."
amazon_images\683.jpg,"CRUST CS30 Car Bluetooth Device with Call Receiver, FM Transmitter for Music System & Dual USB + Type C Fast Charger; 7 Co..."
amazon_images\9037.jpg,"Redmi Pad | MediaTek Helio G99 | 26.95cm (10.61 inch) 2K Resolution & 90Hz Refresh Rate Display | 4GB RAM & 128GB Storage,..."
amazon_images\346.jpg,"Lava Blaze 5G (Glass Green, 6GB RAM, UFS 2.2 128GB Storage) | 5G Ready | 50MP AI Triple Camera | Upto 9GB Expandable RAM |..."
amazon_images\3038.jpg,Xiaomi Mi 4A Dual_Band Ethernet 1200Mbps Speed Router| 2.4GHz & 5GHz Frequency|128MB RAM | DualCore 4 Thread CPU|4 Omni Di...
amazon_images\7481.jpg,"ORCHID ENGINEERS - Welcome Gesture Lady Design Remote Holder/Organizer For Tv Ac Dvd Dth Remotes, Living Room Decor, Showp..."
amazon_images\9593.jpg,Amozo Ultra Hybrid Series Back Cover Case for iPhone 13 Pro (Polycarbonate|Blue)
amazon_images\4560.jpg,"Portronics Konnect J8 3-in-1 (USB A + Type C to 8 Pin + Type C) Fast Charging Cable with 60W Max Output, Nylon Braided, Fo..."
amazon_images\8005.jpg,SeCro USB 3.0 Super Speed Multi Function Card Reader (Black)
amazon_images\9313.jpg,"Carvaan Saregama M21 Keypad Mobile Phone - 1500 Pre-Loaded Hindi Songs, Dual Sim, 2.4 Inch Display 2500 mAh Battery, 2 GB ..."
amazon_images\3985.jpg,"Lapster usb 2.0 mantra cable, mantra mfs 100 data cable (black)"
amazon_images\3000.jpg,Kangaro Paper Punch ONE Hole Punch
amazon_images\7955.jpg,"Cosmic Byte Oberon 7.1 RGB Gaming Headset with Dual Input- USB and 3.5mm Jack, Detachable Microphone, 90° Rotatable Earcup..."
amazon_images\1034.jpg,boAt Bassheads 242 in Ear Wired Earphones with Mic(Blue)
amazon_images\6805.jpg,"AGARO 3.1 A Dual Port Lightning, USB Smart Car Charger for All Smartphones & Tablets- Black"
amazon_images\8464.jpg,"Boult Audio Probass Qcharge Bluetooth Wireless in Ear Earphones with Mic with Fast Charging, 20H Battery Life, Ipx5 Water ..."
amazon_images\2150.jpg,"HUMBLE MI Band 3/ MI Band 4 Strap, Band for MI Band 3/ MI Band 4 Smartwatch (Fitness Tracker) Wristbands Replacement Silic..."
amazon_images\5404.jpg,Amazon Brand - Solimo Back Cover Case for Realme X2 / Realme XT | Compatible for Realme X2 / Realme XT Back Cover Case | 3...
amazon_images\960.jpg,CLAVIER Neo Wired in Ear Earphone with Mic (Neo Grey)
amazon_images\623.jpg,"Classmate 2100117 Soft Cover 6 Subject Spiral Binding Notebook, Single Line, 300 Pages"
amazon_images\2586.jpg,Razer DeathAdder Essential White Edition - 6400 DPI Ergonomic Wired Gaming Mouse - RZ01-03850200-R3M1
amazon_images\4934.jpg,"POCO M4 Pro (Cool Blue, 6GB RAM 128GB Storage)"
amazon_images\1981.jpg,"boAt Airdopes 121 PRO True Wireless in Ear Earbuds Signature Sound, Quad Mic ENx, Beast Mode for Gaming, 40H Playtime, IW..."
amazon_images\5491.jpg,CEDO Clear Case for iPhone Xs Max | Soft Flexible Full Protection Shock Proof TPU Back Cover for iPhone Xs Max (Transparent)
amazon_images\8578.jpg,TheGiftKart Crystal Clear Back Cover Case for Xiaomi 11i 5G / 11i HyperCharge 5G | 360 Degree Protection | Shock Proof Des...
amazon_images\7047.jpg,TheGiftKart Shockproof Crystal Clear Back Cover Case for Samsung Galaxy M13 4G | 360 Degree Protection | Protective Design...
amazon_images\6014.jpg,"boAt AUX 500 Indestructible Male to Male Metallic Aux Audio Cable with Gold Plated connectors for Smartphone, 1.5 Meter (5..."
amazon_images\921.jpg,"FACTOR NOTES Notebook: 90 GSM, B6, Ruled, 112 Pages Journal Diary (Cycle)"
amazon_images\321.jpg,Redmi Note 12 5G Mystique Blue 6GB RAM 128GB ROM | 1st Phone with 120Hz Super AMOLED and Snapdragon® 4 Gen 1 | 48MP AI Tri...
amazon_images\908.jpg,ZEBRONICS Zeb-Bro Wired Earphone (White)
amazon_images\3.jpg,"Samsung Galaxy M33 5G (Mystique Green, 6GB, 128GB Storage) | 6000mAh Battery | Upto 12GB RAM with RAM Plus | Travel Adapte..."
amazon_images\5459.jpg,"Kinsound USB C to 3.5 mm Jack Audio Headphone Adapter, 32bit Hi-Res Sound Quality Type C to 3.5mm Jack Adapter Compatible ..."
amazon_images\8107.jpg,TheGiftKart Back Cover for Redmi Note 10 Lite/Note 9 Pro/Pro Max/Poco M2 Pro (Poly Carbonate | Greyish Blue)
amazon_images\4362.jpg,"IKALL K100 1.8 Inch Display Keypad Mobile (Dual Sim, 1000 mAh Battery) (Blue)"
amazon_images\4527.jpg,Generic ESP8266 Nodemcu Esp8266 Lua Amica Wifi Internet of Things Development Board Cp2102 Iot
amazon_images\8499.jpg,"KZ EDX PRO Earphones Headphones with 1DD, Yinyoo EDX PRO Wired in Ear Earbuds HiFi Deep Bass Sound with 1DD New 10mm Dynam..."
amazon_images\39.jpg,"boAt Airdopes 141 Bluetooth Truly Wireless in Ear Earbuds with 42H Playtime, Beast Mode(Low Latency Upto 80ms) for Gaming,..."
amazon_images\970.jpg,Lunar's Bingo - 48 L Laptop Office/School/Travel/Business Backpack Water Resistant - Fits Up to 15.6 Inch Laptop Notebook ...
amazon_images\9395.jpg,"rts All in One Combo Card Reader for Pen Drive/Cameras/mobiles/PC/Laptop/Notebook/Tablet/or Docking Station/MP3s/PDAs,Colo..."
amazon_images\8100.jpg,TYCON 7 INCH Double Din Car Screen Stereo Media Player Audio Video Touch Screen Stereo Full HD with MP3/MP4/MP5/USB/FM Pla...
amazon_images\8026.jpg,"ZEBRONICS Zeb-Juke BAR 9500WS PRO Dolby 5.1 Soundbar with Wireless Satellites, Dolby Audio, 525 Watts Output Power, 16.5cm..."
amazon_images\4896.jpg,CEDO Samsung M13 5G Back Cover | Matte Soft Silicon Flexible | Camera Bump Protection | All Side Shock Proof Rubberised Ba...
amazon_images\9199.jpg,"SENS EDYSON 1 Smartwatch with 1.7 Display, BT Calling, AI Voice Assistant, 150+ Watch Faces & Free Additional Strap (Matte..."
amazon_images\5478.jpg,"DIGITEK® (LP E8) Lithium-ion Rechargeable Battery for DSLR Camera, Compatibility - Power EOS 55D, 600D, D650, 700D, EOS KI..."
amazon_images\5816.jpg,Isoelite Remote Compatible with Panasonic Split Ac Remote Control [ Compatible for Panasonic AC Remote Control ]
amazon_images\2423.jpg,"Caprigo Super Heavy Duty TV Wall Mount Bracket for 32 to 55 Inch LED/HD/Smart TV’s, Universal Fixed TV Wall Mount Stand (M..."
amazon_images\6217.jpg,"ONE ASSIST Live Uninterrupted 1 Year Extended Warranty Plan for Air Cooler, Email Delivery Within 2 Hours, No Physical Kit..."
amazon_images\2970.jpg,"Avedia Mobile Phone Dustproof Net Stickers, Speaker Mesh Anti Dust Proof Adhesive Sticker for iPhone and Android Phone Spe..."
amazon_images\1770.jpg,"HomeMate® Wi-Fi Smart IR Control Hub (Pack of 1) | Smart Air Conditioner Remote | Compatible with Alexa, Google Home | All..."
amazon_images\2876.jpg,FOLX FSG2030 Shocked Proof Flexible Silicone TPU Watch Case Cover with Screen Protector Temper for Apple Watch Series 6 | ...
amazon_images\6795.jpg,TheGiftKart Shockproof Back Cover Case for OnePlus 11R 5G | Raised Bumps for Camera & Screen Protection | Ultra Clear Soft...
amazon_images\5909.jpg,iTronix USB Charging Cable for BoAt Wave Call/BoAt Wave Lite Smartwatches (Cable Only)
amazon_images\2531.jpg,URBN Type-C to Type-C | 65W Super Fast Charging Adapter Cable | Unbreakable Nylon Braided Rugged Cable | Power Delivery (P...
amazon_images\8124.jpg,"PKST Wi-Fi Wireless Nanny Small Security Indoor USB Plug Camera,1080p Cam with Cell Phone App Live Feed, Motion Detection..."
amazon_images\1056.jpg,"Portronics Modesk 101 Wall Hanging Mobile Holder Wall Mount with Adhesive Strips, Charging Holder Compatible with iPhone, ..."
amazon_images\9389.jpg,"Gizga Essentials Portable Mobile Tabletop Stand, Precise Cutout to Enable Charging During Use, Sturdy Metal, Mobile Chargi..."
amazon_images\9117.jpg,"TheGiftKart Back Cover for Poco X3 PRO/Poco X3 (Polycarbonate, TPU/Black)"
amazon_images\3037.jpg,"Camel Acrylic Color Box - 20ml Tubes, 12 Shades"
amazon_images\3064.jpg,"FUR JADEN 15.6 Inch Smart Laptop Backpack Bag With USB Charging Port, Anti Theft Pocket and Accessories Organiser for Men ..."
amazon_images\4587.jpg,"Tecno Pop 5 LTE (Ice Blue, 2GB RAM,32GB Storage) | Front Flash | 8MP Dual Camera"
amazon_images\2441.jpg,DIMAZO Cleaning Pen for Ear pods Headphone Earbud & Phone Multifunction Cleaner Kit Soft Brush for Bluetooth Earphones cas...
amazon_images\8367.jpg,Spigen EZ Fit Tempered Glass Screen Protector Guard for Valve Steam Deck - 1 Pack
amazon_images\8040.jpg,MMAK Anti-Slip Car Dashboard Mat with Phone Holder & Car Perfume - Universal Non Slip Sticky Rubber Pad with 2 Aroma Stick...
amazon_images\3320.jpg,Paperkraft Beethoven- Blue Ceramic Roller Ball Pen (Pack of 1) | Classy Chrome & Gold tone finish|Premium Gifting Product...
amazon_images\6659.jpg,"AirCase Protective Laptop Bag Sleeve fits Upto 15.6"" Laptop/ MacBook, Wrinkle Free, Padded, Waterproof Light Neoprene case..."
amazon_images\8072.jpg,"Noise Combat with Ultra Low Latency 45 Milliseconds Bluetooth Wireless in Ear Earphones with ENC with mic, instacharge and..."
amazon_images\4640.jpg,HP 802 2-Pack Small Black/Tri-Color Original Ink Cartridges
amazon_images\5505.jpg,"Logitech C310 Digital HD Webcam with Widescreen HD Video Calling, HD Light Correction, Noise-Reducing Mic, for Skype, Face..."
amazon_images\8809.jpg,"Tronica TR-1501 Deep Bass Home Theater with Subwoofer 2.1 Channel with 55W Premium Signature Sound, Multiple Connectivity ..."
amazon_images\5129.jpg,"NoiseFit Force Rugged Round Dial Bluetooth calling Smart Watch with 1.32"" HD screen, Functional Crown, 550 NITS, 7 days ba..."
amazon_images\4698.jpg,Storite 20cm USB 3.0 Cable A to Micro B high Speed Upto 5 Gbps Data Transfer Cable for Portable External Hard Drive
amazon_images\7377.jpg,"ProElite Tempered Glass Screen Protector for Apple iPad 10.2"" 9th/8th/7th Generation 2021 with Auto Alignment Kit"
amazon_images\6384.jpg,"TeQuiero Matte Vinyl Sticker Paper Self Adhesive Photo Paper for Inkjet, Waterproof, Instant Dry, Tear Resistant A4 Size S..."
amazon_images\9133.jpg,"Amkette Nylon Braided Aux Audio Cable - 3.5 mm Gold Plated Jack Male to Male Tangle Free for Car Stereo, Speakers, Headpho..."
amazon_images\1793.jpg,"Amazon Basics Micro Usb Fast Charging Cable For Android Smartphone,Personal Computer,Printer With Gold Plated Connectors (..."
amazon_images\6155.jpg,"GIZGA essentials Extended Gaming Mouse Pad, Laptop Desk Mat, Computer Mouse Pad with Smooth Mouse Control, Mercerized Surf..."
amazon_images\7597.jpg,Pikkme Samsung Galaxy A50 / A50s / A30s Smoke Cover Protective Shockproof Matte Hard Back Case Cover for Samsung Galaxy A5...
amazon_images\4428.jpg,"JK Cedar - A4, 500 Sheets, 100 GSM, 1 Ream"
amazon_images\8047.jpg,"iBELL CP404 4 Channel SMPS for CCTV Output, Power Supply Adapter for up to 4 CCTV Cameras, White (Pack of 1)"
amazon_images\2620.jpg,"All-new Kindle (2022 release) – The lightest and most compact Kindle, now with a 6” 300 ppi high-resolution display, and 2..."
amazon_images\4755.jpg,Pikkme Samsung Galaxy M30s / M21 / M21 2021 Flip Cover| PU Leather Finish | 360 Protection | Wallet & Stand | Strong Magne...
amazon_images\4233.jpg,"Tukzer Gel Mouse Pad Wrist Rest Memory-Foam Ergonomic Mousepad| Cushion Wrist Support & Pain Relief| Suitable for Gaming, ..."
amazon_images\5011.jpg,"JIYAMART Foldable Wooden Laptop Bed Tray Table, Multifunction Lap Tablet Desk with Cup Holder, Perfect for Eating Breakfas..."
amazon_images\3482.jpg,Cosmic Byte Meteoroid RGB Laptop Cooling Pad with 6 Fan Upto 17 inch laptops (Black/Blue)
amazon_images\3165.jpg,"HP K300 Backlit Membrane Wired Gaming Keyboard with Mixed Color Lighting, 4 LED Indicators, Matte Finish Double Injection ..."
amazon_images\5710.jpg,Robustrion Tempered Glass Screen Protector Guard for Lenovo Tab M10 FHD Plus 10.6 inch 3rd Gen Generation Tablet
amazon_images\9263.jpg,"Stepwell Otoscope (LED - White Light) Pocket Scope, Auriscope with Battery Handle"
amazon_images\2249.jpg,Lapcare ChillMate Adjustable Laptop Cooling Pad with Twin Fans for Efficient Cooling
amazon_images\2485.jpg,"JBL Go 3, Wireless Ultra Portable Bluetooth Speaker, Pro Sound, Vibrant Colors with Rugged Fabric Design, Waterproof, Type..."
amazon_images\2847.jpg,SanDisk ® Ultra Curve USB 3.2 128GB 100MB/s R Navy Blue
amazon_images\7585.jpg,"PITARA Multi-Purpose Laptop Table| Study Table| Bed Table| Writing Desk| Laptop Workbench with tab, Mobile, Foldable and P..."
amazon_images\7759.jpg,Amozo Sensor Protector Easy Fit Tempered Glass Screen Protector Guard for iPhone 14 Pro Max (with easy applicator) - Pack ...
amazon_images\8153.jpg,ZARALA Super Frosted Shield Pro Back Silicone Soft Mobile Case Compatible with Samsung Galaxy S23 Ultra 5G Dotted Slim-Fit...
amazon_images\2075.jpg,Robustrion Anti-Scratch & Smudge Proof Tempered Glass Screen Protector Guard for Redmi Pad 10.61 inch
amazon_images\1496.jpg,"HP w200 HD 720P 30 FPS Digital Webcam with Built-in Mic, Plug and Play Setup, Wide-Angle View for Video Calling on Skype, ..."
amazon_images\6111.jpg,"Gizga Essentials Stylish Multi-Purpose Portable Laptop Table, Foldable Wooden Desk for Bed Tray, Laptop Table, Study Table..."
amazon_images\6051.jpg,"Camel Paint Brush Series 66 - Round Synthetic Gold, Set of 7"
amazon_images\6839.jpg,"Seagate One Touch 4TB External HDD with Password Protection – Black, for Windows and Mac, with 3 yr Data Recovery Service..."
amazon_images\2420.jpg,"Samsung Galaxy M13 5G (Aqua Green, 6GB, 128GB Storage) | 5000mAh Battery | Upto 12GB RAM with RAM Plus"
amazon_images\2245.jpg,"AmazonBasics Bluetooth Speaker 5.0 Soundbar with 16W RMS, 2000mAh Battery, Upto 19 Hrs Playtime Aux/USB Port (Black)"
amazon_images\9096.jpg,"Sony WF-XB700 Bluetooth Truly Wireless in Ear Earbuds with 18 Hours Battery Life, Extra Bass with Mic for Phone Calls, Qui..."
amazon_images\4660.jpg,"GM 3061 EBook 4+4 Spike Adaptor with Individual Switch, Indicator, Safety Shutter, International Sockets & Surge Protector"
amazon_images\6875.jpg,"IKALL K100 1.8 Inch Display Keypad Mobile (Dual Sim, 1000 mAh Battery) (Black)"
amazon_images\4288.jpg,"AmazonBasics Dual Monitor Stand - Height-Adjustable Arm Mount, Steel"
amazon_images\4048.jpg,"Nokia G11 Android 12 Smartphone, Dual SIM, 3-Day Battery Life, 4GB RAM + 64GB Storage, 50MP Dual AI Camera | Charcoal Grey"
amazon_images\304.jpg,"Juarez JRZ250 One Handed Trigger Guitar Metal Capo Quick Change For Ukulele, Electric And Acoustic Guitars, Black"
amazon_images\6410.jpg,AEIDESS Tempered Glass Screen Protector Compatible For Oneplus 7T with Edge to Edge Coverage and Easy Installation Kit
amazon_images\7732.jpg,CROSSVOLT Adjustable Mi Band 5 & Mi Band 6 Watch Silicone Strap Band - (Set 5)
amazon_images\8400.jpg,Lenovo IdeaPad Slim 3 Intel Core i5 11th Gen 15.6 inches (39.62cm) FHD Thin & Light Business Laptop (8GB/512GB SSD/Windows...
amazon_images\2995.jpg,"Doodle Initial S Premium Soft Bound Notebook Diary for Girls and Women (B6,192 Theme Based Ruled Pages, 80 GSM) Floral Design"
amazon_images\8146.jpg,(Renewed) New Jbl Tune 130Nc Bluetooth Truly Wireless In Ear Earbuds With Mic Active Noise Cancellation Massive 40Hrs Play...
amazon_images\6837.jpg,"HP DHS-2101 2.0 USB Portable Multimedia Wired Black Speaker with 3.5mm AUX Connectivity, Black"
amazon_images\6301.jpg,"SanDisk Ultra Dual Drive Go USB 3.0 Type C Flash Drive, Peach, 128GB, 5Y"
amazon_images\6103.jpg,"GOBBLER A4 All in One Lamination Machine/Laminator with Jam Release Button, Supports Hot Laminating, Plastic Body (GB-200-PL)"
amazon_images\5573.jpg,POPIO Tempered Glass Compatible for Samsung Galaxy M30 / M30s / A30 / A30s / A50 / A50s (Transparent) Full Screen Coverage...
amazon_images\2835.jpg,Sony MDR-EX155AP in-Ear Wired Headphones with Mic (Light Blue)
amazon_images\1593.jpg,HP 46 Ink Cartridge (Black)
amazon_images\4978.jpg,YELLOWFIN Quick Release Universal Adjustable Car Mobile Phone Holder for Dashboard | Windshield with Long Telescopic Arm 3...
amazon_images\2818.jpg,OpenTech® Tempered Glass Screen Protector Compatible for OnePlus 8T / 9 with Edge to Edge Coverage and Easy Installation kit
amazon_images\4800.jpg,"HP Smart Tank 589 All-in-one WiFi Colour Printer (Upto 6000 Black and 6000 Colour Pages Included in The Box). - Print, Sca..."
amazon_images\2523.jpg,VU 139 cm (55 inches) The GloLED Series 4K Smart LED Google TV 55GloLED (Grey)
amazon_images\2165.jpg,"HEMBERSTAR Laptop Bed Tray Table, Laptop Desk for Bed,Foldable Lap Desk Stand Notebook Desk Adjustable Laptop Table for Be..."
amazon_images\4190.jpg,"Noise Agile 2 Buzz Bluetooth Calling Smart Watch with 1.28"" TFT Display,Dual Button,in-Built Mic & Speaker,AI Voice Assist..."
amazon_images\6729.jpg,"YOUTH MOBI (Pack of 2 Tempered Glass Screen Protector Compatible for Samsung Galaxy Watch 4 (44mm) / Watch 5 (44mm) (1.4"" ..."
amazon_images\3257.jpg,TheGiftKart Shockproof Crystal Clear Back Cover Case for Redmi A1 | 360 Degree Protection | Protective Design | Transparen...
amazon_images\5206.jpg,Gear Classic 20L Faux Leather Water Resistant Anti Theft Laptop Bag/Backpack for Men/Women-Black
amazon_images\3859.jpg,"boAt Aavante Bar 553 Portable Bluetooth Speaker, Soundbar with 16W RMS Stereo Sound, Dual EQ Modes, Multi-Compatibility, ..."
amazon_images\2943.jpg,"Fitbit Inspire 2 Health & Fitness Tracker with a Free 1-Year Premium Trial, 24/7 Heart Rate, Black/Black, One Size (S & L ..."
amazon_images\2138.jpg,SanDisk Ultra Dual SDDD3-128G-I35 USB 3.0 128GB Flash Drive (Dual Micro-USB and USB 3.0 connectors)
amazon_images\1313.jpg,Samsung Level U2 Original in Ear Wireless Stereo Headset with Mic (Blue)
amazon_images\6495.jpg,"tizum USB Type C to USB 3.0 OTG Cable/Adapter/Connector, Fast Charging/Data Transfer, Speed Upto 4.8 GBPS, Compatible with..."
amazon_images\1263.jpg,"D-Link DIR-825/IIN/J1 MU-MIMO Gigabit Wireless Router, Dual Band, 1200 Mbps Wi-Fi Speed, 5 Gigabit Port, 4 External Antenn..."
amazon_images\2149.jpg,"KYOSEI Dust-Filter Tempered Glass Compatible with iPhone 13/iPhone 13 Pro/iPhone 14(6.1""),with Speaker-Mesh,Edge-to-Edge C..."
amazon_images\367.jpg,"Samsung Galaxy M53 5G (Deep Ocean Blue, 6GB, 128GB Storage) | 108MP | sAmoled+ 120Hz | 12GB RAM with RAM Plus | Travel Ada..."
amazon_images\7624.jpg,Amazon Brand - Solimo Back Cover Case for REDMI Note 4 | Compatible for REDMI Note 4 Back Cover Case | 360 Degree Protecti...
amazon_images\4899.jpg,Amozo Shockproof Liquid Silicone Designed for iPhone 14 / iPhone 13 Back Cover Case Gel Rubber Full Body Protection Anti-S...
amazon_images\6006.jpg,Tough Lee Tablet Tempered Glass Screen Guard for Samsung Galaxy Tab S6 Lite 10.4 inch 2020 (SM-P610 / P615) (S Pen Compati...
amazon_images\3090.jpg,"Finautica Italian Lamp With 3 Tier Shelf for Home Decor Jute Drum Shade, Bulb, Wiring, E27 Holder Included Home Decors Gift"
amazon_images\6957.jpg,ProElite Smart Case for iPad 10th Generation 10.9 inch 2022 [Auto Sleep/Wake Cover] [Pencil Holder] [Soft Flexible Case] R...
amazon_images\5998.jpg,"Apple 2020 MacBook Air Laptop M1 chip, 13.3-inch/33.74 cm Retina Display, 8GB RAM, 256GB SSD Storage, Backlit Keyboard, Fa..."
amazon_images\29.jpg,"Hammer Ace 3.0 Bluetooth Calling Smart Watch with Largest 1.85"" IPS Display, Dual Mode, Spo2, Heart Rate, Strong Metallic ..."
amazon_images\7569.jpg,"EMBOX 10A Extension board with usb port - 4 Universal Sockets and 3 USB (2.4 A) charging Ports with Indicator,2500w Heavy ..."
amazon_images\2954.jpg,POPIO Tempered Glass Screen Protector Compatible for Samsung Galaxy A32 4G / Samsung Galaxy M32 4G / Samsung Galaxy F22 / ...
amazon_images\965.jpg,"PTron Newly Launched Musicbot Lite 5W Mini Bluetooth Speaker with 6Hrs Playtime, Immersive Sound, 40mm Driver, BT5.1 with ..."
amazon_images\2199.jpg,realme Pad WiFi+4G Tablet | 3GB RAM 32GB ROM (Expandable) | 26.4cm (10.4 inch) WUXGA+ Display | 7100 mAh Battery | Dolby A...
amazon_images\80.jpg,"Samsung Galaxy M33 5G (Deep Ocean Blue, 6GB, 128GB Storage) | 6000mAh Battery | Upto 12GB RAM with RAM Plus | Travel Adapt..."
amazon_images\1833.jpg,"Digitek (DWM-001 Wireless Microphone & Receiver with Type C, Compatible for Noise Cancellation Mic Suitable for Vlog You T..."
amazon_images\6199.jpg,LAZI 100ml Blue Scented Laptop Screen Cleaner Cleaning Liquid Spray kit for Laptop PC Computer Tablet Smart Phone Screen D...
amazon_images\1188.jpg,"Fire-Boltt Ninja 3 1.83"" Display Smartwatch Full Touch with 100+ Sports Modes with IP68, Sp02 Tracking, Over 100 Cloud Bas..."
amazon_images\1937.jpg,"AmazonBasics Extended Gaming Mouse Pad,Black"
amazon_images\733.jpg,"American Tourister VALEX BLUE LAPTOP BACKPACK 28 Ltrs,Volume, LAPTOP COMPARTMENT, BOTTLE POCKET, FRONT ORGANIZER"
amazon_images\5982.jpg,"Fastrack Reflex Activity Tracker - Full Touch, Color Display, Notification Alert - Upto 7 Days Battery Life"
amazon_images\2328.jpg,"pTron Tangent Urban, 60Hrs Playtime, ENC, Bluetooth 5.3 Earphones, Low Latency Gaming, Punchy Bass, in-Ear Wireless Headph..."
amazon_images\4328.jpg,Redclip Ultimate Cable Protector | Spiral Triple Colour 1.5 Meter / 150 cm | Plastic Cord Wire Charger Winder for iPhone a...
amazon_images\6365.jpg,"Mobilife Selfie Stick,Selfie Stick with Reinforced Tripod Stand,Selfie Stick Tripod for Mobile Phone 3 in 1 Bluetooth Self..."
amazon_images\3520.jpg,"Sony NWZ-B183F Walkman 4GB Digital Music Player with FM, 20 hours of battery life (Black)"
amazon_images\6173.jpg,DEVCOMM Finger (Pack of 6 pieces) Sleeves PUBG Finger For Mobile Game Controllers Anti Sweat Breathable Professional Touch...
amazon_images\8089.jpg,"Beetel M73 Caller ID Corded Landline Phone with 16 Digit LCD Display, Retro Design, Alphanumeric Keypad, 2-Way Speaker Pho..."
amazon_images\5436.jpg,"Parker Frontier Matte Black GT Roller Ball Pen, Golden color, 1 Count (Pack of 1) (9000020439)"
amazon_images\106.jpg,"boAt Wave Call Smart Watch, Smart Talk with Advanced Dedicated Bluetooth Calling Chip, 1.69” HD Display with 550 NITS & 7..."
amazon_images\5583.jpg,"ZEBRONICS Zeb Sonic BAR 100-120W RMS Soundbar with Subwoofer, RGB LED, HDMI ARC, BT v5.0, AUX, Type C + Dual 3.5mm Audio P..."
amazon_images\5630.jpg,"CEDO 65W OnePlus Dash Warp Charge Cable, 6.5A Type-C to USB C PD Data Sync Fast Charging Cable Compatible with One Plus 8..."
amazon_images\1739.jpg,"boAt Rockerz 550 Sunburn Edition with 50MM Drivers, 20 Hours Playback, Physical Noise Isolation and Soft Padded Earcups Ov..."
amazon_images\6141.jpg,"Honeywell Surge Protector/Spike Guard/Extension Board, Master Switch, 4 Universal Sockets, 2USB Ports, 15000Amp, 2Mtr Cor..."
amazon_images\2114.jpg,"ZEBRONICS Zeb-County Bluetooth Speaker with Built-in FM Radio, Aux Input and Call Function (Grey)"
amazon_images\5411.jpg,"CP PLUS 2.4MP Full HD IR Dome Night Vision Camera, 3.6mm- 1080p CP-VAC-D24L2-V3"
amazon_images\3114.jpg,Canon CL-57 Ink Cartridge (Color)
amazon_images\3184.jpg,ADISA Laptop Backpack 31 Ltrs
amazon_images\3614.jpg,"Portronics My Buddy K5 Portable Laptop Tabletop Stand with Aluminium Frame, Adjustable Height, Compatible with All Laptops..."
amazon_images\9196.jpg,"ESR Boost Kickstand Case for Samsung Galaxy S23 Ultra Case, 3 Stand Modes, Military-Grade Drop Protection, Supports Wirele..."
amazon_images\5144.jpg,LOHAYA Voice Assistant Remote Compatible for Airtel Xstream Set-Top Box Remote Control with Netflix Function (Black) (Non...
amazon_images\668.jpg,"Tarkan Portable Folding Laptop Desk for Bed, Lapdesk with Handle, Drawer, Cup & Mobile/Tablet Holder for Study, Eating, Wo..."
amazon_images\9509.jpg,ONSITEGO 1 Year Extended Warranty for Small Appliances (Rs.5001-10000) (Email Delivery - No Physical Kit) for B2B
amazon_images\7713.jpg,HELLO ZONE Rubber Exclusive Matte Finish Soft Back Cover for Nokia C01 Plus - Black
amazon_images\416.jpg,"realme TechLife Buds T100 Bluetooth Truly Wireless in Ear Earbuds with mic, AI ENC for Calls, Google Fast Pair, 28 Hours T..."
amazon_images\5162.jpg,AmazingHind Leatherette Files for documents.File folders for documents.Certificate File Holder to Store Your documents (B...
amazon_images\9082.jpg,MOSHKING Back Cover for Samsung Galaxy A23 4G / 5G with Slide Camera | Heavy Duty Military Grade Protection Mobile Phone C...
amazon_images\9251.jpg,"Fire-Boltt Tank 1.85"" Outdoor Rugged Bluetooth Calling Smart Watch, 123 Sports Mode, 8 UI Interactions, Built in Speaker &..."
amazon_images\2072.jpg,Camel Artist water colour cakes - 18 shades
amazon_images\7376.jpg,"GIZGA essentials (29cm x 24cm Gaming Mouse Pad, Laptop Desk Mat, Computer Mouse Pad with Smooth Mouse Control, Mercerized ..."
amazon_images\1662.jpg,"FUR JADEN Anti Theft Number Lock Backpack Bag with 15.6 Inch Laptop Compartment, USB Charging Port & Organizer Pocket for ..."
amazon_images\3887.jpg,"Noise Buds VS204 in-Ear Truly Wireless Earbuds with 50H of Playtime, ESR, Instacharge(10 min= 120 min), Hyper Sync,10mm Dr..."
amazon_images\2900.jpg,"Apsara Assorted Dustless Chalks, 100 Units (Pack of 10 x 10 Units)"
amazon_images\4762.jpg,DEVCOMM Silicone Keyboard Skin Protector Keyguard Keyboard Dust Cover Keyboard Skin for Laptop 15.6 inches (3.93 x 11.99 x...
amazon_images\9377.jpg,(Renewed) boAt Airdopes 441 Bluetooth Truly Wireless In Ear Earbuds with Mic (Sporty Blue)
amazon_images\1731.jpg,"Portronics Auto 20 Smart Audio Connector with Mobile Charger(Type C + QC 3.0), Latest Bluetooth 5.1, 30W Output, Handsfree..."
amazon_images\6711.jpg,"Tukzer RGB Gaming Mouse Pad with 4 USB HUB, Large Extended Soft Mouse Pad, LED Glowing Backlight 13 Lighting Modes| for Co..."
amazon_images\1084.jpg,"Noise ColorFit Pulse Smartwatch with 3.56 cm (1.4"") Full Touch HD Display, SpO2, Heart Rate, Sleep Monitors & 10-Day Batte..."
amazon_images\2302.jpg,Robustrion Anti-Scratch & Smudge Proof Tempered Glass Screen Protector for Realme Pad 10.4 inch
amazon_images\0.jpg,"Redmi 10 Power (Power Black, 8GB RAM, 128GB Storage)"
amazon_images\4712.jpg,"Samsung T7 500GB Up to 1,050MB/s USB 3.2 Gen 2 (10Gbps, Type-C) External Solid State Drive (Portable SSD) Grey(MU-PC500T)"
amazon_images\8117.jpg,"Dynotrek Grade 13-13.3 Inch Laptop Sleeve Case Cover with Charger Pouch Compatible for Inspiron 13 XPS, MacBook Pro M1 A24..."
amazon_images\8127.jpg,Ola S1 Pro Charger Holder | Ola S1 Matel Charger Bracket Wall Mount with Key Lock Protection
amazon_images\8903.jpg,"iClever Kids Unicorn Headphones for Girl Over The Ear Headphone with Mic/Shareport, Wired Cat Ear Headphones,94dB Volume L..."
amazon_images\567.jpg,realme narzo 50i Prime (Mint Green 4GB RAM+64GB Storage) Octa-core Processor |5000 mAh Battery
amazon_images\1732.jpg,"boAt Airdopes 191G True Wireless in Ear Earbuds with ENx Tech Equipped Quad Mics, Beast Mode(Low Latency- 65ms) for Gamin..."
amazon_images\1076.jpg,PIDILITE Fevicryl Water Based Glass Colours 10 Assorted (115ml)
amazon_images\6591.jpg,"Zebronics ZEB-JUKE BAR 9700 PRO DOLBY ATMOS Bluetooth Home Theater Soundbar With Subwoofer Supporting 4K HDR, Wall Mount, ..."
amazon_images\7826.jpg,"Storite Optical Bay 2nd Hard Drive Caddy, Universal for 9.5mm CD/DVD Drive Slot (for SSD and HDD)"
amazon_images\1090.jpg,Onsitego 1 Year Extended Warranty for Small Household Appliances from Rs. 1501-2000 (Email Delivery - No Physical Kit)
amazon_images\8475.jpg,Laptop Table Leg mounts
amazon_images\4749.jpg,Hynix Sk 8gb 2rx8 Pc3l-12800s 1600mhz Laptop RAM Memory Hmt41gs6bfr8a-pb
amazon_images\1010.jpg,"AmazonBasics Bluetooth Speaker 5.0 Soundbar with 16W RMS, 2000mAh Battery, Upto 19 Hrs Playtime Aux/USB Port (Grey)"
amazon_images\8779.jpg,"Pebble Newly Launched Cosmos Prime BT Calling Smart Watch with Largest 1.91"" Bezel-Less Edge-to-Edge Display, 600 Nits Bri..."
amazon_images\3780.jpg,Winble Silicone Back Cover for OnePlus Nord CE 2 Lite 5G Camera Protection Soft Silicon Protective Back Cover Case for One...
amazon_images\4411.jpg,"DIZO Buds P with Fast Charge, 40HPlaytime & 13mm Driver (by realme TechLife) Bluetooth Headset  (Dynamo Black, True Wireless)"
amazon_images\4220.jpg,CLOUDD CR2032 3V Lithium Button Battery Pack 2
amazon_images\9190.jpg,"WELBORN ENEL14 Battery Pack Compatible with Nikon Digital Camera,D5600,D3500,D3400, D3100,D3200,D3300, D5100, D5200, D530..."
amazon_images\5684.jpg,"ProElite Smart Flip Case Cover for Apple iPad 10.2"" 9th Gen (2021) / 8th Gen / 7th Gen with Stylus Pen, Rose Gold"
amazon_images\1145.jpg,"Lenovo 15.6"" (39.62cm) Slim Everyday Backpack, Made in India, Compact, Water-resistant, Organized storage:Laptop sleeve,ta..."
amazon_images\5464.jpg,OpenTech® Tempered Glass Screen Protector Compatible for Samsung Galaxy M31s / A51 / A52 / A52s / A52 5G with Easy Install...
amazon_images\1483.jpg,iFFALCON 147 cm (58 inches) 4K Ultra HD Smart LED Google TV iFF58U62 (Black)
amazon_images\7061.jpg,Spigen Ultra Hybrid S Back Cover Case for Galaxy S23 Ultra (Poly Carbonate + TPU + Kickstand | Crystal Clear)
amazon_images\6350.jpg,Casio CTX700 61-Key Touch Sensitive Portable Keyboard with Piano tones
amazon_images\7540.jpg,NoWorries - Creative thoughts Motivational Quotes Scratch-Free Vinyl Laptop Skin/Sticker for 15.6inch/14inch Laptops [Size...
amazon_images\9465.jpg,"(Renewed) Fire-Boltt Tank 1.85"" Bluetooth Calling Smart Watch, 123 Sports Mode, 8 UI Interactions, Built in Speaker & Mic,..."
amazon_images\7978.jpg,"EGate i9 Pro 1080p HD 720p Native 2400 Lumens 210 ANSI Portable Projector, 120"" max Screen (3.04 m) 1280 x 720 | VGA, AV, ..."
amazon_images\7611.jpg,Yumin Polyester Handlebar Universal Mobile Holder Mount Pouch Bag Waterproof for Activa Jupiter EV Ola-S1 Pleasure Ntroq_A...
amazon_images\1516.jpg,"Gizga Essentials Laptop Bag Sleeve Case Cover Pouch with Handle for 14.1 Inch Laptop for Men & Women, Padded Laptop Compar..."
amazon_images\6323.jpg,"Tizum Gel Mouse Pad Wrist Rest Gel Foam Mousepad,Cushion Wrist Support & Pain Relief, Suitable for Gaming, Computer, Lapto..."
amazon_images\1400.jpg,"Ambrane 20W Type C Charger/Adapter, PD Technology Fast Charging for iPhone 8 or Above, Android & Other Type C Enabled Devi..."
amazon_images\6778.jpg,"Camlin Brush Pen 12 Shades, Bold - Assorted"
amazon_images\3689.jpg,SanDisk Ultra CZ48 16GB USB 3.0 Pen Drive (Black)
amazon_images\2133.jpg,"Noise Pulse Buzz 1.69"" Bluetooth Calling Smart Watch with Call Function, 150 Watch Faces, 60 Sports Modes, Spo2 & Heart Ra..."
amazon_images\1747.jpg,"TP-Link Nano USB WiFi Dongle 150Mbps High Gain Wireless Network Wi-Fi Adapter for PC Desktop and Laptops, Supports Windows..."
amazon_images\8333.jpg,"Elv Wall Mount Mobile Holder, Mobile Stand for All Smartphones with Strong Adhesive Strips, Compatible with iPhone, Smartp..."
amazon_images\7403.jpg,BRUSTRO A3 Double Sided Self Healing Eco Friendly 5 Layers Cutting Mat Metric/Imperial 45cm x 30cm Black
amazon_images\6443.jpg,"KABEER ART Water and Light Resistant Plastic Storage Tube with ID Card Cap Telescoping for Posters, Artwork and Drawings,2..."
amazon_images\9477.jpg,ONE ASSIST Live Uninterrupted 1 Year Extended Warranty Plan for Electric Iron (Price Range: 2501 to 5000) - Email Delivery...
amazon_images\1597.jpg,"Belkin Apple Certified Lightning To Type C Cable, Fast Charging For Iphone, Ipad, Air Pods, 3.3 Feet (1 Meters)  White"
amazon_images\1803.jpg,New Fastrack Reflex Beat+ 1.69” UltraVU Display|500 Nits Brightness|60 Sports Modes|24*7 Heart Rate Monitor|SpO2 Monitor|S...
amazon_images\9115.jpg,"ORICO Aluminum M.2 NVMe SSD Enclosure, Tool-Free 10Gbps USB C Adapter, USB 3.2 M.2 NVMe Reader, External SSD Case Thunderb..."
amazon_images\251.jpg,"realme narzo 50A Prime (Flash Black, 4GB RAM+128GB Storage) FHD+ Display | 50MP AI Triple Camera | Charger Included"
amazon_images\6820.jpg,Conbre CruizerXR Outdoor WiFi 1080p Motorized Pan/Tilt Camera |Color Night Vision | Dust and Water Protection | Auto Cruis...
amazon_images\4950.jpg,Accuprints 2023 Size 7 by 9.5 inch planner calendar Black and white
amazon_images\4002.jpg,"Miracase Upgrade Cover for Airpods Pro 2 2022 Launch Case, Triple Layer Protective Liquid Silicone Case for AirPods Pro 2n..."
amazon_images\5180.jpg,"Uniball Eye UB157 Roller Pen (Blue, Green, Pink, Violet, Wine Red Pack Of 5)"
amazon_images\1626.jpg,POPIO Screen Guard for Samsung Galaxy S22 Ultra 5G / Samsung Galaxy S23 Ultra 5G (Transparent) Edge to Edge Full Screen Co...
amazon_images\4751.jpg,Pikkme iPhone 12/12 Pro Back Cover | Flexible Pu Leather | Full Camera Protection | Raised Edges | Super Soft-Touch | Bump...
amazon_images\1297.jpg,Cello ColourUP Celebration Kit Mega Gift Pack | Kids Colouring Set | 1 Gel Pen | 12 Crayons | 15 Oil Pastels Colouring Set...
amazon_images\9589.jpg,"wooum Polyester iPad 11 Pro Sleeve / Case / Pouch 9.7, 10.5, 10.9"" Tablet Pouch / Tablet Sleeve / Tablet Bag / iPad Cover..."
amazon_images\6463.jpg,"ESR Stylus Pen for iPad with Tilt Sensitivity, iPad Stylus Pencil for Apple iPad 10/9/8/7/6, iPad Pro 11, iPad Pro 12.9, i..."
amazon_images\2651.jpg,Spigen Ultra Hybrid Matte Back Cover Case for iPhone 13 (TPU + Poly Carbonate | Frost Black)
amazon_images\2164.jpg,Camlin Champ Flast Brush Set - Pack of 7 (Multicolor)
amazon_images\3470.jpg,"pTron Bassbuds Eon Truly Wireless in Ear Earbuds with Mic,ENC, 13mm Driver, Immersive Sound, BT 5.3, Quick Pairing, Touch ..."
amazon_images\1245.jpg,Onsitego 1 Year Extended Warranty for Small Household Appliances from Rs. 2501-3000 (Email Delivery - No Physical Kit)
amazon_images\457.jpg,Zebronics Wired Keyboard and Mouse Combo with 104 Keys and a USB Mouse with 1200 DPI - JUDWAA 750
amazon_images\9342.jpg,MOBITUSSION Shockproof Flexible Matte Square Pattern Silicon TPU Camera Protection Back Cover Compatible for iPhone 11 (Pu...
amazon_images\14.jpg,"boAt Airdopes 141 Bluetooth Truly Wireless in Ear Earbuds with 42H Playtime, Beast Mode(Low Latency Upto 80ms) for Gaming,..."
amazon_images\3131.jpg,LRIPL Compatible Sony Bravia LCD/led Remote Works with Almost All Sony led/LCD tv's
amazon_images\4386.jpg,Sounce Soft TPU Front Protection Case Cover for Amazfit GTS 2 Mini/BIP U/Bip U Pro/BIP Lite/Bip S/Bip S Lite Smart Watch (...
amazon_images\5937.jpg,Caldipree Silicone Full Wrap Remote Case Compatible with LG AN-MR19BA AN-MR600 Magic Remote with Lanyard (Black)
amazon_images\2191.jpg,MI 108 cm (43 inches) 5A Series Full HD Smart Android LED TV L43M7-EAIN (Black)
amazon_images\4999.jpg,"65W Charger for OnePlus Nord CE 2 5G Ultra Charger Original Adapter Like Qualcomm QC 4.0 Quick Charge, Rapid, Dash, VOOC, ..."
amazon_images\5825.jpg,"Portronics Harmonics Z5 Wireless Bluetooth Stereo Headset with 33Hrs Playtime, Double EQ Mode, 14.2 mm Dynamic Drivers, Cl..."
amazon_images\8595.jpg,Pikkme Samsung Galaxy M13 4G Flip Case Leather Finish | Inside TPU with Card Pockets | Wallet Stand and Shock Proof | Magn...
amazon_images\9085.jpg,"insta360 ONE RS Twin Edition Waterproof Optical Zoom, 1x 4K 60fps Action Camera & 5.7K 360 Camera with Interchangeable Len..."
amazon_images\971.jpg,"boAt Newly Launched Rockerz 255 Max in Ear Earphones with 60H Playtime, EQ Modes, Power Magnetic Earbuds, Beast™ Mode,ENx™..."
amazon_images\5737.jpg,Wayona USB Type C 6FT 2Meter Charger Cable Fast Charging USB C Cable Compatible for Samsung Galaxy S10e S20 S9 S8 Plus S1...
amazon_images\4056.jpg,"REDTECH One Plus Latest Mobile USB Type C to 3.5 mm Jack Audio Connector, Noise Cancelling Headphones Jack Converter Audio..."
amazon_images\5484.jpg,Spigen Liquid Air Back Cover Case Compatible For OnePlus Nord 2T 5G (TPU | Matte Black)
amazon_images\1103.jpg,"OnePlus Nord Watch with 1.78” AMOLED Display, 60 Hz Refresh Rate, 105 Fitness Modes, 10 Days Battery, SPO2, Heart Rate, St..."
amazon_images\88.jpg,"Dell USB Wireless Keyboard and Mouse Set- KM3322W, Anti-Fade & Spill-Resistant Keys, up to 36 Month Battery Life, 3Y Advan..."
amazon_images\4315.jpg,Amkette iGrip Drive Compact Car Phone Holder with Quick Release Function | Strong and Durable | Silicone Base Clamp | Stic...
amazon_images\4695.jpg,"EVM 2.5"" 512GB SATA SSD Next-gen 3D TLC NAND Internal SSD, Flash Fast Performance Ultra Low Power Consumption (EVM25, Black)"
amazon_images\1550.jpg,EGOTUDE Shockproof Transparent Hard Back Scratch Resistant Cover Case for iPhone 14 / iPhone 13 (Clear)
amazon_images\131.jpg,"Oppo A78 5G (Glowing Black, 8GB RAM, 128 Storage) | 5000 mAh Battery with 33W SUPERVOOC Charger| 50MP AI Camera | 90Hz Ref..."
amazon_images\4750.jpg,"Amazon Basics High Speed HDMI Cable (Gold-Plated, A Male to A Male) - Supports 4K @60Hz and Audio Return (3 Feet)"
amazon_images\5559.jpg,OMOTON Advanced 9H Tempered Glass Screen Protector Compatible for Google Pixel 4a Edge to Edge with Easy Installation Kit
amazon_images\1488.jpg,"DYAZO 10 Inches LED Ring Light for Camera, and Video Shooting , Makeup with 7 Feet Long Foldable and Lightweight Ring Ligh..."
amazon_images\5064.jpg,ORUM Standard Multi-Purpose Laptop Table with Dock Stand/Study Table/Bed Table/Foldable and Portable/Ergonomic & Rounded E...
amazon_images\2770.jpg,JetLife Premium Mobile Holder/Pouch-Bag for Scooters Scooty's Activa Jupiter EV's etc | Universal X1 Model (Black)
amazon_images\7856.jpg,"Lenovo B0919NL1HZ Tab M8 HD 2nd Gen (8 inch(20cm), 3GB, 32 GB, Wi-Fi+LTE with Calling), Iron Grey"
amazon_images\518.jpg,"Redgear A-15 Wired Gaming Mouse with Upto 6400 DPI, RGB & Driver Customization for PC(Black)"
amazon_images\2692.jpg,"All-New Echo Dot (5th Gen, 2023 release) | Smart speaker with Bigger sound, Motion Detection, Temperature Sensor and Alex..."
amazon_images\2807.jpg,Pikkme iPhone 13 Back Cover | Flexible Pu Leather | Full Camera Protection | Raised Edges | Super Soft-Touch | Bumper Case...
amazon_images\5768.jpg,Amazon Brand - Solimo Pouch for Mi Redmi Note 10 Pro Max (Silicone_Clear)
amazon_images\7118.jpg,"SpinBot BattleBudz W20 Wired in Ear Gaming Earphones with mic for Mobile, PC/Laptop, Xbox One, PS4, PS5 (Green)"
amazon_images\3205.jpg,"GOVO GOKIXX 621 Bluetooth Neckband, 22 Hours Battery, ENC Technology, Fast Charge, Smart Magnetic Buds, Gaming Mode, 10mm ..."
amazon_images\5253.jpg,"Luxor 4 Subject Single Ruled Notebook - Size - 10.8x14.0 cm, 70 GSM, 240 Pages"
amazon_images\4680.jpg,Parker Ultra Fine Navigator Roller Ball Refill Blue
amazon_images\36.jpg,"OnePlus 11R 5G (Galactic Silver, 8GB RAM, 128GB Storage)"
amazon_images\8377.jpg,"iQOO 11 5G (Legend, 8GB RAM, 256 GB Storage) | Snapdragon ® 8 Gen 2 Mobile Platform | 2K E6 AMOLED Display | V2 Intelligen..."
amazon_images\3532.jpg,Sakura Pigma Micron Pens
amazon_images\4977.jpg,Sounce Adjustable Xiaomi Mi Band 5 & Mi Band 6 Watch Strap Silicone Adjustable - Set of 5
amazon_images\8049.jpg,"Amkette Flexi Tabletop Phone Holder, Flexible Telescopic Long Arm Mount with 360 Degree Rotatable Clamp Compatible with Al..."
amazon_images\8169.jpg,"Meyaar Compatible for AirPods Pro 2nd Generation Case Cover with Keychain, Soft Silicone Skin Case Cover Full Protective (..."
amazon_images\2609.jpg,"ONEPLUS USB 3.0 to Type-C OTG Cable Adapter Compatible with USB to c Type Converter Supporting All laptops, Mobile Smartph..."
amazon_images\4010.jpg,TheGiftKart Rugged Carbon Fibre Armor Back Cover Case for OnePlus 6T / OnePlus 7 (TPU | Blue)
amazon_images\6885.jpg,"Dyazo Memory-Foam Gel Mouse Pad with Wrist Rest Support Non Slip Rubber Base Mousepad Suitable for Computer, Laptop, Noteb..."
amazon_images\2115.jpg,"AmazonBasics Monitor Stand, Height Adjustable Arm Mount- Steel"
amazon_images\7209.jpg,Newly Launched Fire_Bolt Ring 3 Smart Watch Charging Cable USB Fast Charger Magnetic Charging Cable Adapter (Charger only ...
amazon_images\7048.jpg,Spigen Rugged Armor Back Cover Case for iPhone 13 (TPU | Matte Black)
amazon_images\5143.jpg,"7 in 1 USB-C Hub (3 x USB-A 3.0 Ports, 1 x USB-C Power Delivery, 1 x SD,1 x TF-Card,1 x 4K HDMI) Compatible with Windows,M..."
amazon_images\8980.jpg,Fujifilm Instax Mini Pink Lemonade Film- 10 Exposures
amazon_images\624.jpg,Canon CL57s Ink Cartridge
amazon_images\4329.jpg,Fujifilm Instax Mini 9 Instant Camera (Smokey White)
amazon_images\1479.jpg,Spigen EZ Fit Tempered Glass Screen Protector Guard for iPhone 14 Plus / 13 Pro Max - 2 Pack
amazon_images\3698.jpg,EGOTUDE Shock Proof Crystal Clear Hard Back Hybrid Soft Bumper Anti Scratch Cover Case for iPhone XR (Transparent)
amazon_images\7279.jpg,AmazonBasics 14-inches Laptop Sleeve (Black)
amazon_images\7808.jpg,OpenTech® Tempered Glass Screen Protector Compatible for Samsung Galaxy M13 5G with Edge to Edge Coverage and Easy Install...
amazon_images\2498.jpg,Amkette iGrip Telescopic One Touch Car Mount for Dashboard and Windshield | Universal Compatibility | Telescopic Adjustabl...
amazon_images\2858.jpg,TheGiftKart Tough Armor Bumper Back Case Cover for Vivo V27 / V27 PRO 5G | Ring Holder & Kickstand in-Built | 360 Degree P...
amazon_images\3014.jpg,"Transcend TS-RDF8K2 USB 3.1 Gen 1 SDXC/SDHC UHS-I, microSDXC/SDHC UHS-I and CompactFlash Memory Cards Multi Card Reader US..."
amazon_images\3784.jpg,Spigen Ultra Hybrid Back Cover Case Compatible For Nothing Phone (1) (TPU + Polycarbonate | Space Crystal)
amazon_images\6913.jpg,Spigen Essential Sand Blast TPU Back Cover Compatible for OnePlus Nord CE 5G (Matte Black)
amazon_images\2375.jpg,"Tizum USB Type C to Lightning Cable with 20W Fast Charging & 480 Mbps Data Transmission Speed for iPhones, iPads & other i..."
amazon_images\2864.jpg,"Faber-Castell Paint Brush Set - Round, Pack of 4 (Navy Blue)"
amazon_images\765.jpg,"realme narzo 50 5G (Hyper Blue, 4GB RAM+128GB Storage) Dimensity 810 5G Processor | 48MP Ultra HD Camera"
amazon_images\2701.jpg,Apple Pencil Tips - 4 Pack
amazon_images\5356.jpg,Aster 3+3 Universal Multi Plug Socket Extension Board / Power Adapter with Individual Switches and Fuse Protection (White)...
amazon_images\6889.jpg,"HP x306w 128GB USB 3.2 Pen Drive, Silver"
amazon_images\487.jpg,Cuzor 12V Mini ups for WiFi Router | Power Backup up to 4 Hours | Replaceable Battery | Ups for Wi-Fi Router and Modem | U...
amazon_images\3715.jpg,"Spigen Rugged Armor Pro Back Cover Case foriPad 10.2"" Gen 9th / 8th / 7th (2021 | 2020 | 2019) - Black, Thermoplastic Poly..."
amazon_images\5876.jpg,Pikkme Mi A3 Back Cover Soft Matte Liquid Silicone TPU | Camera Protection | Shockproof Slim Back Case for Mi A3 (Black)
amazon_images\6131.jpg,INEFABLE Oneplus Band Strap and Oppo Band Strap Soft Silicone Adjustable Band Strap - Device Not Included - Navy Blue - Pa...
amazon_images\1372.jpg,HP 65W AC Laptops Charger Adapter 4.5mm for HP Pavilion Black (Without Power Cable)
amazon_images\4192.jpg,"pTron Bassbuds Pixel with Dedicated Movie/Gaming Mode, 50ms Low Latency, 35Hrs Total Playback Time, Truly Wireless Bluetoo..."
amazon_images\7203.jpg,VW 80 cm (32 inches) HD Ready Android Smart LED TV VW32PRO (Black)
amazon_images\4157.jpg,"WOW IMAGINE Polycarbonate, Thermoplastic Polyurethane Shockproof Crystal Clear Redmi A1 Back Cover Case 360 Degree Protect..."
amazon_images\2288.jpg,"ZEBRONICS Zeb-Thunder PRO On-Ear Wireless Headphone with BTv5.0, Up to 21 Hours Playback, 40mm Drivers with Deep Bass, Wir..."
amazon_images\9130.jpg,"Kadence rosewood Guitar Frontier Series, Electric Acoustic Black Guitar With EQ, Die Cast Keys, Set Of Strings, Strap, Pic..."
amazon_images\7364.jpg,"HP 14s, AMD Ryzen 5-5500U 14 inches(35cm) FHD, IPS, Micro-Edge Display Laptop (8GB RAM/512GB SSD /Radeon Graphics/Windows ..."
amazon_images\1175.jpg,"Redmi Watch 2 Lite - Multi-System Standalone GPS, 3.94 cm Large HD Edge Display, Continuous SpO2, Stress & Sleep Monitorin..."
amazon_images\7170.jpg,Prolet Classic Bumper Case Cover for Samsung Galaxy Watch 4 44mm TPU Plated Full Screen Protector (Transparent)
amazon_images\4265.jpg,ONUMTZ Oneplus Upgraded USB Type C to 3.5 mm Jack Audio Connector with Noise Cancelling Headphones Jack Converter Audio Ad...
amazon_images\4786.jpg,"AmazonBasics USB A to Lightning PVC Molded Nylon MFi Certified Charging Cable for Tablet, Personal Computer, Smartphone (B..."
amazon_images\2458.jpg,"Power One P10 Hearing Aid Battery, 60 Pieces (Multi Color)"
amazon_images\563.jpg,HP 682 Black Original Ink Cartridge
amazon_images\8453.jpg,"JBL Tune 710BT by Harman, 50 Hours Playtime with Quick Charging Wireless Over Ear Headphones with Mic, Dual Pairing, AUX &..."
amazon_images\9174.jpg,"KEBILSHOP 3.5mm Male to Female 5 Meter Stereo Aux Extension Cable Compatible with Headphone, MobilePhone, Car Stereo, Home..."
amazon_images\3909.jpg,Astigo Compatible Remote for Airtel Digital Set Top Box (Pairing Required with TV Remote)
amazon_images\2465.jpg,TP-Link Archer T2UB Nano AC600 USB 2.0 Wi-Fi Bluetooth 4.2 USB Adapter | Dual Band Wireless 600 Mbps| Plug and Play | Supp...
amazon_images\4631.jpg,"Binatone Trend 1 Digital Corded Landline Phone with Dedicated Flash Button, Wall Mounted Supported, alphanumerical keypad,..."
amazon_images\1162.jpg,"Portronics Konnect L 1.2Mtr, Fast Charging 3A Micro USB Cable with Charge & Sync Function (Grey)"
amazon_images\5725.jpg,"UNIGEN 20W Dual Port USB & Type C PD Fast Charger Adapter | USB 18W QC 3.0 Block for iPhone 14/13/12/11Pro/Pro Max/Mini, S..."
amazon_images\3035.jpg,Quantum QHM8106 USB to RJ45 Ethernet LAN Adapter (White)
amazon_images\7011.jpg,Dynotrek Arrival 13-13.3 Inch Laptop Sleeve Case Coverwith Handle Compatible for MacBook Pro 13 M2/M1 Pro/M1 Max 14.2 202...
amazon_images\7305.jpg,"AINE USB C Fast Charging Cable For Lightning To C Type, USB-C Power Delivery Charging Cord for iPhone 14/13/12/12 PRO Max/..."
amazon_images\23.jpg,"OnePlus 11R 5G (Galactic Silver, 16GB RAM, 256GB Storage)"
amazon_images\4807.jpg,iClever GK08 Wireless USB Keyboard and Mouse Set - Type-C Rechargeable Wireless Keyboard Ergonomic Full Size Design with N...
amazon_images\7589.jpg,"ESR Magnetic Case for iPad Air 5th Generation Case (2022), iPad Air 4th Generation (2020), iPad Pro 11 (2018), Magnetic At..."
amazon_images\3656.jpg,STABILO Swing Cool Highlighter Pen Pastel - Pack of 6 (Assorted Colours)
amazon_images\7702.jpg,Strontium Nitro A1 128GB Micro SDXC Memory Card 100MB/s A1 UHS-I U3 Class 10 with High Speed Adapter for Smartphones Table...
amazon_images\1665.jpg,"Wayona Nylon Braided 2M / 6Ft Fast Charge Usb To Lightning Data Sync And Charging Cable For Iphone, Ipad Tablet (6 Ft Pack..."
amazon_images\1220.jpg,Faber-Castell 48 Triangular Colour Pencils
amazon_images\483.jpg,"pTron Tangent Lite Bluetooth 5.0 Earphones with Mic, Hi-Fi Stereo Sound Neckband, 8Hrs Playtime, Lightweight Snug-fit in-E..."
amazon_images\2963.jpg,"HP 15s,11th Gen Intel Core i3-1115G4 8GB RAM/512GB SSD 15.6""(39.6 cm) FHD/Alexa Built-in/Win 11/Intel UHD Graphics/MSO 202..."
amazon_images\4541.jpg,"Zipline Synthetic Leather Executive SMALL messenger bag for upto 13"" Laptop/Tablet for men women with multiple compartment..."
amazon_images\5944.jpg,"Artis 61 Watts USB Type C Laptop Adapter/Charger Compatible with MB Pro 13” (20.3V,3A) 2016 Onwards. Connector: USB Type-C..."
amazon_images\6057.jpg,"HP 300 Dual Mode Black Mouse, Switch Between Two PCs via Bluetooth or 2.4 GHz Wireless, Smart TV Connectivity, 1200 to 360..."
amazon_images\6631.jpg,Action Pro Helmet 3M Chin Mount Strap Compatible with All Smartphones GoPro Hero 11 10 9 8 7 6 5 4 SJCAM DJI Osmo and All ...
amazon_images\3869.jpg,"Luxor 5 Subject Spiral Premium Exercise Notebook, Single Ruled - (18cm X 24cm), 250 Pages, Pack of 3"
amazon_images\1783.jpg,"TVARA LCD Writing Tablet 8.5 Inch E-Note Pad LCD Writing Tablet, Kids Drawing Pad 8.5 Inch Doodle Board, Toddler Boy and G..."
amazon_images\1383.jpg,"Logitech M90 Wired USB Mouse, 3 yr Warranty, 1000 DPI Optical Tracking, Ambidextrous PC/Mac/Laptop - Black"
amazon_images\7476.jpg,talotech Neckband Earphones Wireless Bluetooth Headphone 100Hrs Playtime Wireless In Ear Headset with Display Hi-Fi Stereo...
amazon_images\4789.jpg,Hanumex® 8x12 FT Premium Professional Backdrop Chromakey Screen Background Photo Light Studio Photography Background for V...
amazon_images\9443.jpg,talotech Neckband Earphones Wireless Bluetooth In Ear Headphone 100Hrs Playtime Wireless Headset with Display Hi-Fi Stereo...
amazon_images\7375.jpg,"Mizi [2 Pack] Metal Anti Dust Plug, Protect Charging Port from Dust and Moist with Storage Box and Cable Clip Holder for i..."
amazon_images\3798.jpg,KAPAVER ® Polycarbonate Back Cover Case for Nothing Phone 1 5G (Transparent and Black)
amazon_images\586.jpg,Ant Esports GM320 RGB Optical Wired Gaming Mouse | 8 Programmable Buttons | 12800 DPI
amazon_images\6466.jpg,Apsara Platinum Extra Dark Pencils - Pack of 10
amazon_images\592.jpg,"boAt A 350 Type C Cable for Personal Computer, 1.5m (Black)"
amazon_images\6187.jpg,Corsair TM30 Performance 3 Grams Thermal Paste (Silver)
amazon_images\9478.jpg,Cello Liquiball Ball Pen - Pack of 10 (Blue)
amazon_images\8736.jpg,Fastrack Reflex Hello Smart Watch with BT Calling|Bright HD Display|AI Voice Assistant|50+ Sports Modes|100+ Watchfaces|BP...
amazon_images\5466.jpg,"Yantralay School Of Gadgets 3-Way Monopod Grip Tripod Foldable Selfie Stick Compatible with Go Pro Hero 11/10/9/8,DJI OSM..."
amazon_images\2592.jpg,KABEER ART 16 Well Rectangle Plastic Painting Palette
amazon_images\5286.jpg,"Prolet 20MM Silicone Strap Compatible with Amazfit GTS 2 Mini, Amazfit Bip/Bip U/Pro/Lite, Bip S, Amazfit GTS/ 2/2e, Amazf..."
amazon_images\7187.jpg,"uhuru Computer Speaker, UGS-02 Gaming Speaker for PC, TV, Desktop and Laptop, USB Mini Soundbar with RGB Light, Volume Con..."
amazon_images\2373.jpg,SanDisk SDDD3-032G-I35GW Ultra Dual 32GB USB 3.0 OTG Pen Drive (Gold)
amazon_images\7139.jpg,realme Pad WiFi Tablet | 3GB RAM 32GB ROM (Expandable) | 26.4cm (10.4 inch) WUXGA+ Display | 7100 mAh Battery | Dolby Atmo...
amazon_images\4817.jpg,CZARTECH Tempered Glass Screen Guard for iPhone 13 | iPhone 14 | iPhone 13 Pro with Cleaning Kit (Pack of 1)
amazon_images\1623.jpg,"SanDisk Ultra Dual Drive Go 64GB USB 3.0 Type C Pen Drive for Mobile (Mint Green, 5Y)"
amazon_images\1472.jpg,"MI Rechargeable Electric Toothbrush T100 for Adults with Dual Pro Mode & USB Fast Charging (White,Pack of 1)"
amazon_images\952.jpg,"GoTrippin Universal Travel Adapter with Dual USB Charger Ports, International Worldwide Charger Plug for Phone, Mobile,Lap..."
amazon_images\7169.jpg,Spigen Ultra Hybrid Back Cover Case for iPhone 12 Mini (TPU + Poly Carbonate | Matte Black)
amazon_images\8300.jpg,Hohem iSteady X - 3-Axis 259g Lightweight Smartphone Gimbal Foldable Handheld Pocket Stabilizer Youtuber Vlogger Live Vide...
amazon_images\5121.jpg,Pikkme Oneplus Nord Ce 2 Lite 5G Back Cover for Girls | Cute Cat Leather Finish | Soft TPU | Case for Oneplus Nord Ce 2 Li...
amazon_images\3826.jpg,Lapster Power Charger for Mi Band 3 USB Adapter Charging Cable Dock Charger Compatible for Xiaomi Mi Band 4/3 /3i Smart Br...
amazon_images\8583.jpg,Spigen Rugged Armor Back Cover Compatible for Google Pixel 6a (TPU | Matte Black)
amazon_images\5632.jpg,"truke Yoga Mystic lite Wireless in Ear Earphone with mic, with 50H of Playtime, ENC, Real Silicon Design, USB-C Fast Charg..."
amazon_images\7498.jpg,"(Renewed) OnePlus 6T (Mirror Black, 6GB RAM, 128GB Storage)"
amazon_images\3949.jpg,"POCO X4 Pro 5G (Laser Blue, 6GB RAM 128GB Storage)"
amazon_images\7261.jpg,ZEBRONICS Zeb-Tulip Wired in Ear Earphone with Mic (White)
amazon_images\6680.jpg,"Panasonic Corded Telephone, White"
amazon_images\6558.jpg,"LG Ultragear Gaming 24 Inch (60.3 Cm) Full HD (1920 x 1080) Pixels LCD Monitor 165Hz, 1ms, Freesync Premium, HDMI x 2, Dis..."
amazon_images\9103.jpg,Zapcase Back Cover Case Compatible for Mi A2 Cases & Covers (Carbon Fibre Rugged Armour Black Colour)
amazon_images\6823.jpg,"Famous Quality® SD Card Reader USB Type C, USB 3.0 and Micro USB OTG Memory Card Adapter Portable 1 Slots for TF, SD, Micr..."
amazon_images\8015.jpg,"HAMMONDS FLYCATCHER Genuine Leather Laptop Bag for Men/Office Bag for Men, Brown | Fits Upto 16 Inch Laptop/MacBook | Leat..."
amazon_images\265.jpg,"Ambrane Mobile Holding Tabletop Stand, 180 Perfect View, Height Adjustment, Wide Compatibility, Multipurpose, Anti-Skid De..."
amazon_images\4067.jpg,INEFABLE Mi Band 5 and 6 Straps Original for Mi Band M5 and M6 Wristband Strap Soft Silicone Adjustable Band Strap - Blac...
amazon_images\8448.jpg,MAONO Au-Wdm01 Professional Handheld Dynamic Unidirectional/Cardioid Vocal Wired Microphone with XLR Cable (Black)
amazon_images\7362.jpg,"BigPassport 1080P/30fps 5P lens Full HD Webcam with Tripod & Inbuilt Microphone, Advanced Human Face Detection, Laptop Des..."
amazon_images\6400.jpg,"ProElite Slim Smart Flip case Cover for Amazon Kindle Paperwhite 11th Generation 6.8 inch 2021, Black (Fits Signature Edit..."
amazon_images\9237.jpg,"Noise Flair in-Ear Wireless Bluetooth Smart Neckband Earphone with Touch Controls, 35 Hour Playtime, Environmental Cancell..."
amazon_images\590.jpg,"HP v236w 32GB USB 2.0 Pen Drive, Grey"
amazon_images\7749.jpg,CASEOLOGY by Spigen Skyfall Back Cover Case Compatible with iPhone 14 Pro Max (TPU and Polycarbonate | Purple)
amazon_images\5506.jpg,1 Year OneAssist Extended Warranty Plan for Mixer Juicer Grinder (5000 to 7500) - Delivery via Email
amazon_images\6601.jpg,"LINC Pentonic Gel Pen | Tip Size 0.7 mm | Comfortable Grip | Ideal for Students and Professionals | For School, Office & B..."
amazon_images\1688.jpg,"Tukzer Tabletop Fully Foldable Desktop Tablet Mobile Stand Holder with Angle & Height Adjustable for Desk, Cradle, Dock, C..."
amazon_images\1087.jpg,Xtore® Universal Mobile Phone Holder & Tablet Holder with 360° Rotation
amazon_images\286.jpg,Logitech H111 Wired On Ear Headphones With Mic Black
amazon_images\7405.jpg,Seagate BarraCuda 1 TB Internal Hard Drive HDD 3.5 Inches (8.8 cm) SATA 6 Gb/s 7200 RPM 64 MB Cache for Computer Desktop P...
amazon_images\1339.jpg,"Beetel B17 Corded Landline Phone, Ringer Volume Control, LED for Ring Indication, Wall/Desk Mountable, Elegant Design,Clea..."
amazon_images\8331.jpg,"NEWorld Premium Microfiber Cleaning/Polishing Cloth for Mobile Screen, Camera Lenses, Tablets, Monitors, Sunglasses and Ot..."
amazon_images\647.jpg,AmazonBasics AA Performance Alkaline Non-Rechargeable Batteries (8-Pack) - Appearance May Vary
amazon_images\169.jpg,Canon PG-47 Ink Cartridge (Black)
amazon_images\267.jpg,"Samsung Galaxy M13 (Midnight Blue, 4GB, 64GB Storage) | 6000mAh Battery | Upto 8GB RAM with RAM Plus"
amazon_images\2913.jpg,Elzzi ® Liquid Silicone Cover Compatible for iPhone 14 Pro Max Case (6.7 inches) 3 Layer Microfiber Lining Covers Phone Ca...
amazon_images\9243.jpg,"COOLCOLD Single Handed USB Gaming Keyboard, Wired 35 Keys Rainbow LED Backlight, One Hand Portable Mini Gaming Keypad, Erg..."
amazon_images\8012.jpg,CASENED Camera Lens Protector For iPhone 14 Pro/ 14 Pro Max 9H Premium Tempered Glass Aviation Aluminum Camera Protection...
amazon_images\3095.jpg,"Tombow 57316 Mono Zero Eraser Value Pack, Round 2.3 mm. Precision Tip Eraser with Refills"
amazon_images\315.jpg,Syska 4 Way Power Plug Adapter (White) (1)
amazon_images\6091.jpg,Amozo Ultra Hybrid Defence Back Case Cover for iPhone 13 (Polycarbonate|Matte Black)
amazon_images\7632.jpg,"HP Deskjet Ink Advantage 2338 All-in-One Printer, Scanner and Copier for Home for Home for Dependable Printing and scannin..."
amazon_images\4509.jpg,AEIDESS Tempered Glass Screen Guard Compatible for OnePlus 7 Pro / 7T Pro with Edge to Edge Full Screen Coverage With Inst...
amazon_images\245.jpg,Duracell Chhota Power AA Battery Set of 10 Pcs
amazon_images\2275.jpg,ETI Cello Tape 1 Inch 65M (Transparent)
amazon_images\8688.jpg,"OLICOM New Launch Smart Watches ID116 Bluetooth Smartwatch Wireless Fitness Band for Boys, Girls, Men, Women & Kids | Spor..."
amazon_images\1617.jpg,"boAt Matrix Smart Watch with 1.65” AMOLED Display, Always On Mode, Slim Premium Design, Heart Rate & SpO2 Monitoring, Heal..."
amazon_images\8419.jpg,"TheGiftKart Shockproof Crystal Clear Back Cover Case for OnePlus Nord CE 2 5G (Polycarbonate, TPU | Transparent Back | Bla..."
amazon_images\50.jpg,"JK Copier Paper - A4, 75 GSM, 1 Ream, 500 Sheets"
amazon_images\8682.jpg,Spigen Ultra Hybrid 2 Cover Case for Apple Watch 8 / 7 (41mm) [Version 2] - Crystal Clear (Watch not Included)
amazon_images\9310.jpg,CableCreation USB C to 3.5mm Headphone Audio Adapter 2-in-1 USB C Type-C to Hi-Res 3.5mm Audio with PD Fast Charging Adapt...
amazon_images\2826.jpg,"ZEBRONICS Zeb-Vita Plus Mini 16 w Soundbar Supporting LED Display, USB, SD Card, AUX, FM, TWS & Call Function. (Grey)"
amazon_images\3098.jpg,"Amazon Basics LED Ring Light (14-inch) with Tripod Stand & Mini Tripod, and Dual Temperature Modes"
amazon_images\4913.jpg,"Samsung Original Travel Adapter (15W, Black)"
amazon_images\360.jpg,"OnePlus 10R 5G (Sierra Black, 8GB RAM, 128GB Storage, 80W SuperVOOC)"
amazon_images\8687.jpg,ZOUK Women Laptop Bag Royal Indian Peacock Motif
amazon_images\6650.jpg,Amazon Basics Permanent Fine Point Marker Set - Black - Pack of 12
amazon_images\5303.jpg,Paperkraftâ Expression| Hardâ  Cover Notebook | 15.8 Cm X 19.4 Cm | Unruled | 192 Pages
amazon_images\3680.jpg,"Irusu Play VR Plus VR Headset with Headphones,40MM HD Lens for Mobiles (with Remote)"
amazon_images\3467.jpg,Spigen EZ Fit Privacy Tempered Glass Screen Protector for iPhone 14 Pro Max - 2 Pack
amazon_images\7607.jpg,OnePlus 11R 5G Aramid Fiber Case Black in
amazon_images\7677.jpg,"ProElite Smart Flip Case Cover for Apple iPad Air 5th/4th 10.9 inch , Translucent Back, Purple"
amazon_images\7899.jpg,Tough Lee Back Cover Case for Oneplus 9R 5G (Silicon|Transparent) (Will Not Fit Oneplus 9RT)
amazon_images\4127.jpg,VW 60 cm (24 inches) HD Ready Smart LED TV VW24S (Black) (2021 Model)
amazon_images\7497.jpg,"Mobilife Long Selfie Stick Tripod,110cm Selfie Stick with Upgrated Tripod Stand Custom Bluetooth Remote Aluminum Selfie Tr..."
amazon_images\9231.jpg,"ESR Camera Lens Protector Compatible with Samsung Galaxy S22 Ultra, Scratch-Resistant Ultra-Thin Tempered Glass with Alumi..."
amazon_images\3846.jpg,"boAt LTG 550v3 Lightning Apple MFi Certified Cable with Spaceship Grade Aluminium Housing,Stress Resistance, Rapid 2.4A Ch..."
amazon_images\3912.jpg,Lolin NodeMCU ESP8266 CP2102 NodeMCU WIFI Serial Wireless Module
amazon_images\7787.jpg,Tata Sky Digital TV HD Setup Box Remote
amazon_images\1310.jpg,"Smart watch New Launch Smart Watches ID116 Bluetooth Smartwatch Wireless Fitness Band for Boys, Girls, Men, Women & Kids |..."
amazon_images\4055.jpg,"ARCTIC MX-4 (incl. Spatula, 4 g) - Premium Performance Thermal Paste for All Processors (CPU, GPU - PC, PS4, Xbox), Very h..."
amazon_images\2718.jpg,CEDO Redmi Note 10 / Note 10S Back Cover | Matte Soft Silicon Flexible | Camera Bump Protection | All Side Shock Proof Rub...
amazon_images\6029.jpg,"Sounce Earphone Case Cover Compatible with Boat Airdopes 131, Soft Silicone Skin Case Cover Shock-Absorbing Protective Cas..."
amazon_images\6906.jpg,"Portronics Car Power 12 Car Charger with 17W Total Output, Triple USB Port, 3.4A Compatible with Most Cars(Black)"
amazon_images\3980.jpg,ZOUK Multicolored Printed Handmade Vegan Leather Women's Office Bag for 15.6 inch Laptop with Double Handles - WavBeach
amazon_images\1217.jpg,"Amazon Basics High-Speed HDMI Cable, 6 Feet - Supports Ethernet, 3D, 4K video,Black"
amazon_images\6364.jpg,"Sounce Car Mobile Holder with One Click Technology, 360° Rotational, Strong Suction Cup, Compatible with 4 to 7 Inch Devic..."
amazon_images\9417.jpg,"Adjustable Aluminium Alloy Tripod Stand Holder for Mobile Phones & Camera, 360 mm -1050 mm, 1/4 inch Screw + Mobile Holder..."
amazon_images\447.jpg,"MI Type B/Micro USB 120cm fast Charging cable|480mbps support|Suitable for all Smartphones,tablet and accessories with typ..."
amazon_images\2129.jpg,"Gaiatop USB Desk Fan, Small But Powerful, Portable Quiet 3 Speeds Wind Personal Table Fan, Dual 360° Adjustment Mini Fan f..."
amazon_images\5660.jpg,"Nokia 105 Plus Dual SIM, Keypad Mobile Phone with Wireless FM Radio, Memory Card Slot and MP3 Player | Charcoal"
amazon_images\1199.jpg,"HP 150 Wired Keyboard and Mouse Combo with Instant USB Plug-and-Play Setup, 12 Shortcut Keys, 6° Adjustable Slope Keyboard..."
amazon_images\4718.jpg,OneAssist Mobile 1 Year Extended Warranty Plan - 15001 to 20000
amazon_images\1718.jpg,Canon GI790 Y Ink Cartridge (Yellow)
amazon_images\3314.jpg,"realme narzo 50 (Speed Black, 6GB RAM+128GB Storage) Helio G96 Processor | 50MP AI Triple Camera | 120Hz Ultra Smooth Display"
amazon_images\9494.jpg,R for Rabbit Snicker The Playful Automatic Baby Swing with Hanging Toys and Remote Control for Newborn Baby (Grey Blue)
amazon_images\6071.jpg,TheGiftKart Shockproof Crystal Clear Back Cover Case for iQOO 11 5G | 360 Degree Protection | Protective Design | Transpar...
amazon_images\8336.jpg,"Noise ColorFit Pro 4 Advanced Bluetooth Calling Smart Watch with 1.72"" TruView Display, Fully-Functional Digital Crown, 31..."
amazon_images\2252.jpg,"MKY Tripod 3110 Stand with 3-Way Head Tripod 3110 with Mobile Phone Holder Mount Tripod Kit, (Silver, Supports Up to 1100 g)"
amazon_images\582.jpg,"iQOO Z6 44W by vivo (Lumina Blue, 6GB RAM, 128GB Storage) | 6.44"" FHD+ AMOLED Display | 50% Charge in just 27 mins | in-Di..."
amazon_images\5396.jpg,"Pebble Newly Launched Cosmos Prime Bluetooth Calling Smart Watch, Largest 1.91"" Bezel-Less Edge-to-Edge Display, 600 Nits ..."
amazon_images\7583.jpg,"UHUD CRAFTS Headphone Tabletop Stand, Wooden Headphone Holder for Gamers & Music Lovers, Computer Table/Desk Organizer Hea..."
amazon_images\47.jpg,"OnePlus Bullets Z2 Bluetooth Wireless in Ear Earphones with Mic, Bombastic Bass - 12.4 Mm Drivers, 10 Mins Charge - 20 Hrs..."
amazon_images\2515.jpg,Everycom EC-58 58mm (2 Inches) Direct Thermal Printer- Monochrome Desktop (1 Year Warranty) (USB)
amazon_images\856.jpg,"STRIFF Foldable Portable Laptop/Tablet Tabletop Stand with 6 Level Height & Angle Adjustment & Air Ventilation, Anti-Slip ..."
amazon_images\318.jpg,Fujifilm Instax Mini Single Pack 10 Sheets Instant Film for Fuji Instant Cameras
amazon_images\2002.jpg,"MX Universal Conversion Multiplug with Individual Switch - 3 PIN 3 Way Plug for Home, Office and Industrial Uses ( Any Col..."
amazon_images\1745.jpg,"boAt Blaze Smart Watch with 1.75"" HD Display, Fast Charge, Apollo 3 Blue Plus Processor, 24x7 Heart Rate & SpO2 Monitor, M..."
amazon_images\5628.jpg,"AmazonBasics laptopss Sleeve Case Cover 14.1-inches laptopsss for Men and Women | Slim Profile Neoprene, Soft Puffy Fabric..."
amazon_images\5904.jpg,Casio HL-815L Portable Calculator
amazon_images\4720.jpg,VMT Stock OnePlus11R 5G Back Cover PC Back Case with Bumper Drop Protection Case Cover for OnePlus 11R 5G
amazon_images\4165.jpg,PagKis Straight and Curved Stainless Steel Tweezers (Black) - Set of 2
amazon_images\3653.jpg,"Portronics Ruffpad 12E Re-Writable LCD Writing Pad with 30.4cm (12 inch) Writing Area, Single Tap Erase, Smart Lock, Long ..."
amazon_images\5857.jpg,Spigen Full Coverage Tempered Glass Screen Guard Protector for Galaxy S20 FE 4G / 5G - 1 Pack
amazon_images\3910.jpg,Sounce 38W Car Charger Type-C 20W PD & 18W 3.0 Qualcomm Certified Dual USB Car Charger Compatible with All Smartphones & T...
amazon_images\3473.jpg,AmazonBasics Braided USB Type-C to Type-C 60W Fast Charging Data cable with Transparent Shell and LED indicator (Black/Whi...
amazon_images\1277.jpg,"SupCares Edge to Edge Privacy Tempered Glass for iPhone 14, iPhone 13 and iPhone 13 Pro (6.1 Inch) with Easy Self Installa..."
amazon_images\4074.jpg,"pTron Bassbuds Revv Wireless in Ear Earbuds with Mic, ENC for Best Calling, 50ms Low Latency, 13mm Driver, Punchy Bass, BT..."
amazon_images\764.jpg,Parker Classic Gold Gold Trim Ball Pen
amazon_images\5817.jpg,"DishanKart Ivory Sheets For Drawing, Sketching, Painting, A4 Size - 210 GSM, 11.5 inches x 8.5 inches x 0.1 inch, 25 Sheets"
amazon_images\6237.jpg,"HP Ink Tank 316 All-in-one Colour Printer with Upto 7500 Black and 8000 Colour Pages Included in The Box - Print, Scan & C..."
amazon_images\7976.jpg,Designerz hub Back Cover for Samsung Galaxy M21/M21 2021 Edition/M30s (Silicone | Black)
amazon_images\4639.jpg,"elevn ergo11e 2.4GHz Premium Wireless Optical Mouse for Laptop, Desktop, PC, MacBook,Black"
amazon_images\4518.jpg,Callas Laptop Tablet Stand Notebook Computer Stand Tablet Computer Stand Universal Lightweight Adjustable Laptop Computer ...
amazon_images\9388.jpg,draval 6 Piece Wall Mounted Storage Box Remote Storage Organizer Case for Air Conditioner TV Mobile Phone Plug Holder Stan...
amazon_images\6146.jpg,Epaal® Spiral Triple Color (2 Pcs) 1.4 Meters Each-Full Size Cable Cord Charger Protector Saver Winder for iPhone & Androi...
amazon_images\9393.jpg,"HUION Anti-fouling Artist Glove for Graphics Pen Drawing Tablet Monitor Light Box Tracing Board (Black, Free Size)"
amazon_images\9168.jpg,"boAt Aavante Bar 1200D Soundbar with Dolby Audio, 100W RMS Signature Sound, 2.1 Channel with Wired Subwoofer, Entertainmen..."
amazon_images\8104.jpg,"FEDUS 12V 1.5A DC Power Adapter, Powers Supply, SMPS for LCD Monitor, TV, LED Strip, CCTV, 12 Volt 1.5 Amp Power Adapter,A..."
amazon_images\3187.jpg,"truke BTG Alpha True Gaming in Ear Earbuds with 40ms Low Latency Gaming Mode, 7 RGB LEDs, Instant Pairing, AAC Codec, Upto..."
amazon_images\274.jpg,HP 805 Black Original Ink Cartridge
amazon_images\8774.jpg,OpenTech® Tempered Glass Screen Protector Compatible for Samsung Galaxy S21 5G with Edge to Edge Coverage and Easy Install...
amazon_images\3745.jpg,"Tough Lee Tempered Glass Screen Guard Protector for Apple iPad Air 5 5th Generation 2022, Air 4 4th Gen 2020 10.9 inch, iP..."
amazon_images\2214.jpg,"MARVIK Trail Loop Band Compatible with Apple Watch Band Ultra 42mm 44mm 45mm 49mm, Nylon Weave Sport Loop Adjustable Strap..."
amazon_images\9035.jpg,"Tizum External Hard Drive Case for 2.5-Inch Hard Drive - Double Padded, HDD Case (Azure Blue)"
amazon_images\2982.jpg,Spigen Rugged Armor Cover Case for Apple Watch Series Series 8/7 (45mm) | Series SE2/6/SE/5/4 (44mm) - Black (Watch not In...
amazon_images\7742.jpg,"APCSA mi Bluetooth Smartwatch Wireless Fitness Band for Boys, Girls, Men, Women & Kids | Sports Gym Watch for All Smart Ph..."
amazon_images\1426.jpg,"Amazon Basics HL-007347 HDMI Input to DVI Output (Not VGA) Adapter Cable, 6 Feet, Black"
amazon_images\119.jpg,Portronics MODESK POR-122 Universal Mobile Tabletop Holder (Black)
amazon_images\6361.jpg,"OREI India to UAE, Hong Kong, Dubai, UK Adapter - Type G Plug Adapter - 2 in 1 - Perfect for Laptop, Camera, Chargers - Tr..."
